Workbook

Sheet Model Data
A1: Channel | B1: Avg Order Value ($) | C1: CLV : CAC Ratio | D1: CAC ($) | E1: Conversion Rate | F1: Estimated CLV ($) | G1: ROI (%) | H1: Spend | I1: Total New Customers | J1: Revenue
A2: Affiliate Marketing | B2: 77.530121 | C2: 2.7844464 | D2: 42.879758 | E2: 0.20598007 | F2: 119.39639 | G2: 0.80808205 | H2: 42536.72 | I2: 992 | J2: =H2*(1+G2) -> 76909.88
A3: Content/SEO | B3: 94.92871 | C3: 5.615153 | D3: 38.394973 | E3: 0.20071429 | F3: 215.59365 | G3: 1.4724255 | H3: 43155.95 | I3: 1124 | J3: =H3*(1+G3) -> 106699.87
A4: Direct Mail | B4: 92.265211 | C4: 1.3553182 | D4: 117.63605 | E4: 0.218 | F4: 159.43428 | G4: -0.21567235 | H4: 64111.65 | I4: 545 | J4: =H4*(1+G4) -> 50284.54
A5: Email Marketing | B5: 87.100777 | C5: 17.739149 | D5: 12.084272 | E5: 0.19072981 | F5: 214.36469 | G5: 6.2077805 | H5: 16011.66 | I5: 1325 | J5: =H5*(1+G5) -> 115408.53
A6: Facebook/Instagram Ads | B6: 74.101949 | C6: 1.5474781 | D6: 73.371412 | E6: 0.24489383 | F6: 113.54065 | G6: 0.0099566947 | H6: 88852.78 | I6: 1211 | J6: =H6*(1+G6) -> 89737.46
A7: Google Search Ads | B7: 99.206622 | C7: 3.3799937 | D7: 53.285636 | E7: 0.21022364 | F7: 180.10511 | G7: 0.8617892 | H7: 122716.82 | I7: 2303 | J7: =H7*(1+G7) -> 228472.85
A8: Referral Program | B8: 105.79658 | C8: 16.147093 | D8: 20.073847 | E8: 0.20358956 | F8: 324.13427 | G8: 4.270369 | H8: 22542.93 | I8: 1123 | J8: =H8*(1+G8) -> 118809.56
A9: TV/Radio | B9: 83.148151 | C9: 0.58167858 | D9: 196.15256 | E9: 0.23197993 | F9: 114.09774 | G9: -0.57610468 | H9: 199487.15 | I9: 1017 | J9: =H9*(1+G9) -> 84561.67

Sheet Reallocation Scenario
A1: Marketing Budget Reallocation Scenario
A3: Scenario Inputs
A4: From Channel (underperformer) | B4: TV/Radio
A5: To Channel (top performer) | B5: Email Marketing
A6: % of Spend to Shift | B6: 0.2
A7: Current 'From' Channel Spend | B7: {=INDEX('Model Data'!$H:$H,MATCH($B$4,'Model Data'!$A:$A,0))} -> 199487.15
A8: Amount Shifted | B8: =B7*$B$6 -> 39897.43
A9: New 'From' Channel Spend | B9: =B7-B8 -> 159589.72
A10: Current 'To' Channel Spend | B10: {=INDEX('Model Data'!$H:$H,MATCH($B$5,'Model Data'!$A:$A,0))} -> 16011.66
A11: New 'To' Channel Spend | B11: =B10+B8 -> 55909.09
A13: Revenue-to-Spend Ratios
A14: 'From' Channel Revenue-to-Spend Ratio | B14: {=INDEX('Model Data'!$J:$J,MATCH($B$4,'Model Data'!$A:$A,0))/B7} -> 0.42389532
A15: 'To' Channel Revenue-to-Spend Ratio | B15: {=INDEX('Model Data'!$J:$J,MATCH($B$5,'Model Data'!$A:$A,0))/B10} -> 7.2077805
A17: Projected Revenue Impact
A18: Revenue Lost from 'From' Channel | B18: =B8*B14 -> 16912.334
A19: Revenue Gained from 'To' Channel | B19: =B8*B15 -> 287571.92
A20: Net Projected Revenue Gain | B20: =B19-B18 -> 270659.58
A23: Sensitivity: Net Revenue Gain at Different Shift Levels
A24: % Shifted | B24: Net Projected Revenue Gain
A25: 0.1 | B25: =(B7*0.1)*B15-(B7*0.1)*B14 -> 135329.79
A26: 0.2 | B26: =(B7*0.2)*B15-(B7*0.2)*B14 -> 270659.58
A27: 0.3 | B27: =(B7*0.3)*B15-(B7*0.3)*B14 -> 405989.37
A29: Total Revenue: Current vs. Reallocated
A30: Scenario | B30: Total Revenue
A31: Current Allocation | B31: =SUM('Model Data'!J2:J9) -> 870884.36
A32: After Reallocation (20% shift) | B32: =B31-B18+B19 -> 1141543.9
